240,"Великдень наближається, але негода змінює все—головна помічниця занедужала. Малюки не здаються: знаходять спосіб підготувати святкові дарунки, долають труднощі й дарують родині радість."
239,"Хлопчик, який живе футболом, оживлює свої картки! Разом із братом вони переживають чарівні зустрічі з кумирами, граючи з ними у футбол. Ця казка про силу мрій та магію, що стається, коли ти віриш."
238,"У лісі четверо друзів – вовк, заєць, білочка та хом'як – готуються до Різдва. До них завітає святий Миколай та подарує кожному за віршик. Тепла історія про дружбу, святковий настрій та дива Різдва."
237,"Вигнаний за жадібність кіт Котофей потрапляє до лісу, де хитрістю змушує всіх звірів приносити йому їжу. Вовк, Ведмідь та Лисиця потрапляють у його пастку!"
236,"Солдат знаходить чарівне кресало, яке дозволяє йому викликати трьох собак-охоронців скарбів. Він розбагатіє, але його мета - принцеса! За допомогою кресала він долає всі перешкоди та стає королем."
235,"Історія про доброту, сміливість та самопожертву. Чарівний предмет допомагає героїні долати перешкоди та допомагати іншим. Надихає на добрі справи та показує, що справжнє щастя - у допомозі ближнім."
234,"З Африки приїжджає леопард, який ніколи не бачив снігу. Він потрапляє в кумедні ситуації, не розуміючи, що таке мороз. Зрештою, він святкує веселий та незвичний Новий рік."
233,"Маленька героїня обожнює прогулянки. Одного разу вона губить свій черевичок і довго шукає його. Знайшовши, вона робить висновок, що потрібно завжди класти речі на свої місця."
232,"Замріяний вагончик постійно запізнюється до школи через свої фантазії. Мудрий дідусь дарує йому годинник, який допомагає навчитися цінувати час та старанно вчитися."
231,"Мелодійна колискова, яка створює атмосферу спокою та ніжності, запрошує дітей до сну, даруючи тепло батьківської любові та надії на щасливі сни."
230,"Ліричний твір про кохання, де зорі та сонце символізують красу коханої людини. Виражається ніжність, захоплення та прагнення бути поруч. Пісня сповнена тепла та світла, оспівуючи силу кохання."
229,"Тепла казка про маленьке мишеня, яке долає свої страхи, виходячи до садочка та намагаючись нові пригоди. Завдяки чарівним словам і підтримці мами, Пік-Пік стає сміливим."
228,"Жабеня, яке не любить митися, висміюють інші звірята. Сумний, воно вирішує стати чистим та охайним. Згодом, жабеня вчить свого братика любити чистоту."
227,У дитячому садку маленький герой замислюється над найкращим подарунком для мами. Він радиться з друзями та спостерігає за природою. Його пошуки приводять до зворушливого відкриття.
226,"Тепла і весела історія про кошенятко, яке шукає свій апетит, блукаючи серед інших тварин. Вона вчить важливості здорового харчування та любові до домашніх страв."
225,"Чарівна історія про малюка, який не може заснути, поки його друзі не відпочинуть, і мама не подарує йому поцілунок. Зворушлива казка про нічні ритуали, турботу та любов."
224,"Чарівна колискова пісня, яка занурює у світ ніжних снів та мрій, сповнених кольору та ароматів. Вона приносить спокій та гармонію, наповнюючи душу теплом і казковими образами."
223,"Мелодійна колискова, що вводить у чарівний світ сну, де ночі стають теплими і затишними. Вона дарує спокій і благословляє дітей на щасливі сновидіння та гармонійне зростання."
222,"Ніжна колискова, що дарує спокій і тепло, запрошує дитину до сну, де вона може побачити красиві мрії та відпочити перед новим, чудовим днем. Вона приносить відчуття захищеності та любові."
221,"Історія про маленького, але відважного собаку-рятувальника, який завдяки своєму гострому нюху та спритності рятує людей від небезпеки. Патрон вчить дітей важливим правилам безпеки в житті."
220,"Ця історія про цікаве та сміливе створіння, яке долає свої страхи та навчається важливим життєвим урокам, допомагаючи іншим і відкриваючи для себе нові горизонти."
219,"Маленький єнотик разом із татом вирушають на риболовлю, де знаходять несподівану перлину, що стає чудовим подарунком для матусі. Історія про сімейну любов та цікаві відкриття."
218,"Літні канікули з бабусею дарують незабутні моменти: смачні страви, цікаві ігри та тепло родинного затишку. І навіть млинці можуть бути особливими, коли на них є щось більше, ніж просто інгредієнти."
217,"У лісі, вкритому зимовою тишею, маленька білочка шукає чудо, щоб нагодувати свою родину. Її подорож через ліс виявляється справжнім випробуванням, але вірність і надія дарують їй незабутнє диво."
216,"Мурчик, смугасте кошеня, мріє стати таким же хоробрим і сильним, як його далекі родичі-тигри. Під час подорожі до зоопарку він отримує унікальний урок від тигра, що змінює його ставлення до страху."
215,"У лісі, де панує мудрість природи, маленька істота вирушає на шлях, повний небезпек і пригод. Під час подорожі вона зустрічає незнайомих, але добрих друзів, які допоможуть в найскладніші моменти."
212,"Маленький хлопчик і його песик разом відкривають таємниці святкового посуду, що живе своїм особливим життям. Ця пригода допомагає відкрити важливість традицій і родинних свят."
211,"В курнику з'являється дивне створіння, яке не схоже на інших, але саме його незвичність дозволить здійснити справжній подвиг. Вчиться приймати себе та дарувати любов, не зважаючи на труднощі."
210,"Як звірята з веселим настроєм вихваляють один одного, так і ми іноді схильні захоплюватися чужими якостями. Але іноді, коли з’являються чужі заздрощі, правда стає важливою!"
208,"Історія про Курочку Рябу нагадує, як важливо цінувати те, що маєш, і навіть у найскладніші моменти не втрачати надії. Адже навіть з найменших втрат може вирости нова надія та можливість для щастя."
207,"Два милих домашні улюбленці разом з дівчинкою відкривають для себе новий світ музики, знаходячи нестандартні шляхи до творчості і радісно експериментуючи з незвичними інструментами."
206,"Хлопчик поринув у захоплюючий світ піратських пригод, коли його конструкторний корабель раптом став справжнім, а він — капітаном. Шлях до перемоги відкритий, але як йому вдасться перемогти суперника?"
205,"В казковій кухні кипить весела каструлька, що розповідає про свої кулінарні пригоди. З кожним інгредієнтом борщ набуває смачної та яскравої душі, даруючи затишок і тепло."
204,"Мурашки, звірі та інші персонажі стикаються з несподіваними труднощами, вживаючи кмітливість і згуртованість, щоб впоратися з хаосом. Чи зможуть вони відновити баланс?"
200,"Життя підводного світу переповнене радістю та добротою, однак навіть найвеселіші створіння потребують відпочинку. Поради мудрого доктора допоможуть рибці відновити сили й відчути щастя."
199,"Вогняний дракон Мунік шукає спосіб заснути, але його нічні пригоди перетворюються на справжню комедію. Як він долає безсоння і до чого тут бутерброди — дізнайтесь у цій кумедній історії."
198,"Баба вирішила змінити традиційне пекарство та спекла круасан, який, замість залишитись у домі, втік у ліс. Дивні зустрічі з тваринами та пригоди круасана приведуть його до несподіваної слави."
197,"Весела пригода на подвір’ї, де малеча експериментує з фруктами та складає свої власні уявлення про смак. Простий момент може змінитися на непередбачувану емоційну подію."
196,"Затишна розповідь про справжню дружбу та турботу. Коли речі старішають, вони не втрачають своєї цінності, якщо з ними пов’язані теплі спогади та щире серце, готове піклуватися й берегти їх."
195,"Кумедна та повчальна історія про несподівані уроки, які підносить життя. Іноді сміятися над іншими легко, поки сама ситуація не ставить тебе на їхнє місце. Співчуття завжди важливіше за насмішку."
194,"Щедрість робить радість яскравішою, а жадібність відштовхує друзів. Коли не ділишся, залишаєшся сам. Але добро завжди повертається, варто лише відкрити серце і простягнути руку іншим."
193,"У світі таємничих снігових людей виникає цікаве питання: чи живуть вони так само, як усі? Весела рима переносить у фантазійний світ, де навіть Єті може мати сімейні турботи та пустощі."
192,"Теплі обійми та щирі почуття цінніші за будь-які подарунки. Маленьке відкриття змушує задуматися, що справжня любов не вимірюється гостинцями, а живе в серці незалежно від обставин."
191,"Маленька загублена річ стає затишною домівкою для лісових мешканців. Але що буде, коли несподіваний гість вирішить її зруйнувати? Дружба, хоробрість і допомога здатні змінити все!"
190,"Теплі рядки про любов до рідного краю, де золота пшениця колоситься, а вільні птахи ширяють у небі. Тут зроблено перші кроки, тут лунає солов’їна пісня, і в серці живе гордість за Батьківщину."
189,"Дотепна й кмітлива мандрівка двох супутників, де хитрість і розум перемагають жадібність. Один прагне ошукати, але щоразу сам потрапляє в пастку. Гумор і народна мудрість оживають у кожному рядку."
188,"Захоплива казка про чарівний світ, де диво переплітається з випробуваннями, а добро та відвага ведуть до щасливого фіналу. У ній оживають магія, пригоди й неймовірні відкриття."
187,"Гомінке подвір’я оживає з першим кукуріканням, де запальні суперечки та веселі пригоди переплітаються з дружбою та хитрими випробуваннями. Сміливість і спритність тут стають запорукою визнання."
186,"У місті ходять чутки про сімох таємничих братів, які розповідають неймовірні історії. Їхні слова зачаровують слухачів, змінюють серця й навіть привертають увагу самого короля."
185,"Захоплююча подорож в світ уяви, де кожен момент приносить нові відкриття. Легка і захоплююча атмосфера перенесе в інший вимір, де все можливо. Для всіх, хто шукає чудеса в кожному дні."
184,"Неймовірна гра хитрощів і взаємних підступів між двома хитрими персонажами, де кожен намагається перехитрити іншого. З кожним новим поворотом сюжету з’являються нові несподіванки."
183,"Чарівний образ дитячої радості, що переповнює серце теплом і світлом, де навіть осінь не затьмарює світло в домі. Це вірш про маленьку мрію, дари родини та невеличке чудо, що приносить щастя."
182,"Тепла історія про маленьку хмарку, що дізнається про важливість дощів і гриби, що з’являються після них. Це розповідь про природні явища, взаємодію тварин і пильність у ставленні до небезпек природи."
181,"Зимова розповідь про маленьку хмарку, яка відкриває для себе диво снігу та дізнається про його роль у природі. Це історія про цікавість, пізнання нового та чарівний зимовий світ."
180,"Лісові пригоди маленької хмарки, яка допомагає зайченятам і вчить їх обережності щодо небезпечних рослин. Це історія про дружбу, турботу та чудеса природи."
179,"У світі магії, незвичних пригод і чарівних зустрічей кожен день приносить нові відкриття. Відчуй атмосферу дивовижного світу, де навіть найбільші загадки чекають на своє розгадування."
178,"Чудовий обід у дракона перетворюється на справжнє комічне божевілля. Придивіться до цього незвичного застілля, де кожен знайде для себе щось цікаве, але жоден продукт не буде на своєму місці!"
177,"Іноді навіть найсміливіші і допитливі діти стикаються з тим, чого не можуть зрозуміти. Однак, вміння визнавати свої помилки і допомагати друзям – ось що дійсно важливо!"
174,"Іноді навіть найкращі наміри не можуть врятувати, якщо не послухатися поради близьких. Іноді терпіння і обережність — найкращі помічники в житті!"
173,"Іноді навіть найменші й на перший погляд беззахисні створіння можуть стати справжніми героями, коли мова йде про рятування тих, хто їм допоміг."
172,"У світі завжди є місце для маленьких і великих мрій, а іноді навіть у найпростішій неправді ховається цікаве відкриття, яке варто розгадати."
171,"На зимовому подвір'ї розцвіла справжня магія: братики ліпили снігову бабу, а вітерець дарував їй нову зачіску. Веселі і креативні пригоди хлопців принесуть чарівні подарунки!"
170,"Магічний світ дитячих снів, де кожен момент наповнений теплом і добротою. Ласкаві слова та ніжні звуки огортають у казкову атмосферу, даруючи спокій і відчуття безпеки."
169,"Мудрість, вигадка та несподівані повороти життя переплітаються в цьому творі, де кожен персонаж приносить нові уроки й враження. Твір захоплює з першої сторінки та тримає в напрузі до останньої."
168,"Мудрість і винахідливість у поєднанні з жартівливим стилем: персонаж, котрий не раз виходить із складних ситуацій завдяки своїм вмінням, веде до цікавих пригод і несподіваних результатів."
167,"Талановитий майстер, який шукає натхнення навіть у найскладніші моменти, знаходить чудеса у найнеочікуваніших місцях, що надихають його на нові звершення."
166,"Ледачий чоловік, що цілісінькими днями лежав на килимі, змушений був подолати власні слабкості та навчитися працювати. Його неймовірна трансформація надихає на зміни та нові починання."
165,"Завдяки незвичайному старому діду, двоє дітей змінюють свою поведінку, стають більш слухняними і відповідальними. Підкорені випробуванням, вони розцвітають, даруючи радість рідним."
164,"Чарівний світ, де дружба і доброта перемагають будь-які труднощі. Мелодійна, спокійна атмосфера і незабутні моменти радості, що затримають у серці теплі спогади."
163,"Всі навколишні предмети мають свої особливості, які малюкові цікаво розпізнавати. Що станеться, коли він дізнається, що кожен предмет має свій ""орган""? Весела історія про перші відкриття!"
162,"Маленька жабка Кваккі чекає на світанок, щоб побачити, хто прокидається разом із сонцем. Вона спостерігає за лісовими мешканцями, поки чекає на Сонце, яке має скупатися в її болоті."
161,"Маленький Рак і його друзі вирішили зробити ставок чистим і безпечним для всіх його мешканців. Разом вони рятували свій дім від сміття, навчаючи і людей важливості збереження природи."
160,"Вірний друг маленького хлопчика став героєм у дворі, повертаючи згублені речі і навіть знаходячи скарби. Гривенька приносила радість і щастя всім, навчаючи доброти та відданості."
159,"Молодий герой вирушає в подорож, щоб врятувати своїх рідних і подолати лихих ворогів. Його чекають неймовірні пригоди, боротьба з нечистю та зустрічі з магічними істотами."
157,"У чарівному королівстві самотня правителька тримає метеликів у неволі, але чарівна сила природи дає їй урок. Перетворившись на квітку, вона відкриває цінність добра, дружби та щедрості."
156,"Залишений на землі фантик подорожує з вітром, лякаючи птахів, заважаючи квітам і засмічуючи природу. Але доброю справою хлопчик повертає його туди, де йому місце."
155,"Маленька самотня Хмаринка шукає друзів, але всі тікають від неї. Засмутившись, вона проливає дощ, який дарує радість квітам. Так вона відкриває свою силу творити добро та знаходить друзів."
154,"Троє поросят будують собі будинки, але тільки найрозумніший брат зводить міцну оселю. Коли голодний вовк приходить їх з’їсти, тільки справжня фортеця може захистити поросят від небезпеки."
153,"Літери посварилися, і в словах почався безлад! Чи зможуть вони помиритися та знову жити в злагоді? Дізнайся, як важлива кожна літера в абетці!"
152,"У лісі з’явився новий мешканець – величезний мухомор, що вирішив стати королем грибного світу. Але його пихатість і отруйність не змогли змінити порядки, встановлені серед сусідів."
151,"Весна повернулася до лісу, і маленький Метелик, щоб допомогти друзям, полетів до Веселки. Вона принесла радість і кольори, а Метелик отримав барвисте вбрання."
150,"У лісі, де завжди панує затишок і смакота, ведмедик Тоша готує смачні страви для своїх друзів. Як зима раптово прийшла, звірята не злякалися, бо ведмедик мав усе необхідне для зимових вечорів."
149,"У джунглях Африки маленьке слоненя прагнуло стати акробатом, але після кількох невдач знайшло своє справжнє покликання — рятувати ліс від небезпек, і стало героєм для всіх своїх друзів."
148,"Маленький допитливий герой шукає своє призначення, намагаючись зробити океан кращим. Він знаходить шлях через допомогу старшому другу і важливу місію збереження природи."
147,"Мандруючи від одного гнізда до іншого, пташка шукає ідеальне місце для себе. Однак кожен дім здається незручним і не підходить, поки вона не зрозуміє справжню цінність дому."
146,"Маленький горішок, повний мрій, прагне стати великим деревом. Всі навколо сміються, але він вірить у свою мету та йде через труднощі до здійснення мрії, незважаючи на всі перешкоди."
145,"Дарусик і його песик Міккі допомагають маленькому слимачку знайти загублену мушлю. Шукаючи заміну, вони врешті знаходять справжнє місце для Равлика, і він повертається додому, вдячний своїм друзям."
144,"Літній день, весела пригода та спільна праця приводять до успіху. Коли два друга об'єднують зусилля, їм вдається досягти неможливого — це відкриває нові горизонти для дружби та співпраці."
143,"На Чистий четвер малята допомагають мамі готуватись до свята. Завдяки природним фарбам вони розфарбовують крашанки у різні кольори, створюючи справжній шедевр, і дарують радість усім!"
142,"У зимову ніч сніжинки, що кружляють у танці, відкривають малятам свої таємниці. Вони розповідають про своє коротке, але чудесне життя, залишаючи по собі ніжний спогад до наступної зими."
141,"Маленька ялинка просить не забирати її з лісу, але добрі люди знаходять спосіб, щоб подарувати їй свято. Вона зможе прикрасити дім, а після свят повернеться додому."
140,"Дарусик і Міккі допомагають пташкам і чекають на святого Миколая. Малюк намагається бути слухняним, чистить чобітки, а вранці знаходить омріяний подарунок – залізницю."
139,"Дарусик і Міккі допомагають пташкам в зимовому лісі, зробивши для них годівничку. Після того, як пташки знайдуть її, малята щодня підсипають корм і чекають нових гостей."
138,"Малята з дідусем і песиком вирушають у ліс по гриби. Після невдалого початку вони знаходять справжнє грибне царство завдяки чарівному дощу, який приносить багатий урожай."
137,"Малята разом з дідусем і бабусею збирають гарбузи на городі. Вони готують борщ, додаючи гарбузове насіння, і створюють незвичний золотистий борщ, що викликає сміх і радість у родині."
136,"Ніжна колискова, яка співається дитині перед сном, обіцяючи захист і любов. Спокійний настрій створюється через опис нічного світу, в якому все навколо відпочиває."
135,"На боротьбу з темними силами встає герой, який відкриває у собі незвичайні здібності. Випробування і таємниці чекають на кожному кроці, а рішення, які потрібно прийняти, можуть змінити долю."
134,"Маленька киця, що гордиться своєю шубкою та бантиком на хвості, привертає увагу всіх на своєму шляху. Але несподівана зустріч з дівчинкою в білих вишитих сорочечках відкриває їй новий погляд на красу."
133,"Промінь сонця кожен ранок приносить тепло та радість, а з вечора місячний зайчик дарує спокій і мрії. Ці добрі створіння не втомлюються робити світ яскравішим і теплішим."
132,"Малесенька фея з великим серцем спонукає людей до добрих вчинків. Коли дівчинка допомагає старенькій, вона не підозрює, що поряд її маленька чарівна помічниця."
131,"В одній корчмі дід випадково став об'єктом підозрілості через гарну палицю, яку взяв для себе. Проте мудрість і хитрість діда допомогли йому вирішити ситуацію на свою користь."
130,"Вовк, намагаючись знайти їжу, потрапляє в низку комічних ситуацій, де він сам стає жертвою хитрощів. Проте врешті-решт кравець виводить його на таку пастку, що вовки опиняються в халепі."
128,"Історія про зраду та справедливість. Бабина дочка, жорстоко вбивши свою сестру, намагається приховати злочин, але магічна сопілка розкриває її таємницю, і справедливість восторжествувала."
127,"Молодий зайчик вважає себе найкращим і найшвидшим, але зима змінює все, і нова біла шубка стає для нього як рятівна. Навчиться бути скромним і зрозуміє справжню цінність дружби та обережності."
126,"Старий собака, вигнаний хазяїном, знаходить несподіваного союзника у вовкові. Разом вони розігрують хитру схему, щоб змінити долю Сірка, а також помститися за доброту та допомогу."
125,"Чоловік починає обмінювати свою пару волів на різні дрібніші речі, аж поки не потрапляє у смішну ситуацію, де усі його обміни призводять до нічого, але він знаходить несподівану вигоду."
124,"Старий цар обіцяє царство тому сину, який знайде воду, що повертає молодість. Три сини вирушають в подорож, але лише один з них, незважаючи на зневагу, досягає мети."
123,"У світі, де на кожному кроці чекають темні таємниці, герої змушені зіткнутися з викликами, що перевіряють їхні межі. Чи здатні вони розкрити правду, перш ніж стане занадто пізно?"
122,"Дядько та ведмідь вирішують разом вирощувати урожай, однак хитрий дядько обманює ведмедя, забираючи все найкраще. Чи навчить це ведмедя бути обережним у майбутньому?"
121,"Пан розгублено шукає свої окуляри по всьому дому, викликаючи справжній хаос. Він перевіряє кожен куточок, аж поки не робить несподіване відкриття. Чи зможе він знайти розраду після такого курйозу?"
120,"Несподівана заметіль, що накрила все навколо, пух літає всюди, заносить садки та дахи. Всі намагаються приборкати стихію, а один кіт не впускає шанс гострити свої пазурі. Як це закінчиться для мишки?"
119,"Таблички і об'яви попереджали про кусючого собаку, але малий хлопчик, що не боявся, виявив, що пес насправді зовсім не кусючий. Як же так сталося, що всі повірили у неправду?"
118,"Маленьке ведмежатко знайшло чудову хатку, побудовану з солодощів, але після того, як воно з'їло все, що було в хатці, залишилося без даху і стін."
117,Поспіх і неуважність призводять до низки смішних помилок. Від неправильного одягу до дивних подорожей – кожен крок героя лише додає плутанини. Це справжній хаос у комічному вигляді!
116,"Лінь стає невидимою супутницею, що втручається у кожен момент і заважає виконати навіть найпростіші завдання. Чи вдасться здолати цей вплив і знову взятись за справи?"
115,Уявіть собі ситуацію: жирафа захотіла б носити краватку! Це вимагало б неймовірних зусиль для кравців і величезної кількості тканини. Та чи зміг би хтось ще носити таку краватку?
114,"На грядці, де росте редиска, з'являється черепаха, яка потрапила далеко від річки. Допомога друзів вирішує її долю, адже лише разом можна забезпечити її безпеку та спокійне життя."
113,"Коли весна приходить в місто, зима змушена відступити. Природа радісно реагує на зміну пори року: птахи співають, струмки дзвенять, а діти радіють першому теплу."
112,"Хлопчик, що любив хвалитися своєю відвагою, на словах не боявся нічого. Але зустріч з ящіркою на дорозі змусила його втекти, навіть зі шкодою для себе."
111,"Руденький дрімко мріє про дивовижні пригоди: від кораблів до ракети, від літальних жабенят до карамельок у лісі. Сни переносять його у світ чудес, де все можливо."
109,"Чоловік і жінка довго мріяли про сина, поки одного разу не поклали гарбуз у колиску. Чи стане він справжнім хлопцем і знайде любов, попри всі труднощі і перешкоди, які випробовує на ньому доля?"
108,"Мудра кішка вирушає до королівства, щоб знайти наречену для свого господаря. Дорогою вона обманює короля, збираючи дари для майбутнього чоловіка. Як закінчиться цей хитромудрий план?"
107,"Молодий мельничук рятує трьох принцес, перетворених на лелек чаклуном, і за свою відвагу отримує чудову нагороду. Його доброта призводить до великої зміни в житті."
106,"Зайцеві весь час доводиться тікати від хижих звірів, і він вирішує покінчити з життям. Але зустрівши жабу, що злякалась його, розуміє: навіть він може бути страшним для когось."
105,"Капловухий Заєць забрався у ліс і почав захоплювати все навколо: місця для відпочинку, їжу, навіть холодок. Але коли сам залишився без усього, зрозумів: ніщо не має значення без взаємодопомоги."
104,"Зайці в лісі ведуть спокійне життя, але один нахаба порушує їхній порядок, намагаючись забрати все для себе. Всі намагаються дати йому урок, і сміх стає фіналом цієї боротьби."
103,"Сім братів розпалися на окремі родини, втративши колишню єдність і силу. Батько показав їм на прикладі лози, як важливо залишатись разом, щоб подолати всі труднощі."
102,"Маленька хатиночка і велика дружба між півником та котом допомогли подолати хитрощі лисиці. Завдяки підтримці один одного, вони разом перемогли всі труднощі та зберегли мир."
101,"У лісі живуть двоє пустунів — зайчик та білочка, які не слухають поради і продовжують галасувати. Але коли вони зустрічаються зі старою вороною, їм доводиться дізнатися, що таке справжній страх."
100,"Яся вирішила намалювати картину, але її творчість не обійшлася без несподіванок: олівець перетворився на справжнього малювця, і все навколо стало чорним від дощу."
99,"Ведмідь намагався обдурити діда, але хитрий старий мудро ділиться з ним урожаями так, що ведмідь отримує лише те, чого не хоче, а дід у підсумку залишає все найкраще для себе."
98,"Мильна булька, черевик і соломинка намагаються перетнути річку, але все йде не за планом: черевик падає у воду, а булька від сміху лопається. Ось так весела казка з несподіваним кінцем!"
97,"Два морозні духи змагаються, хто зможе сильніше вплинути на людину. Кожен використовує свою силу, щоб перемогти, та згодом стикається з непередбачуваними наслідками."
96,"Вовк намагається обдурити козенят і проникнути до хати, видаючи себе за матір. Та вірний пес і сміливі козенята швидко розкривають його підступи."
95,"Ніжна колискова, що приносить спокій і захист малому серцю, закликає дитину до сну під обітницю чистоти душі і любові. Тепло і м'яко обіймає світлою надією."
94,"Глибока і зворушлива колискова, що поєднує в собі ніжність і роздуми про важливі життєві моменти. Вона заспокоює, але також нагадує про труднощі, які чекають попереду."
93,"Ця колискова з гумором розповідає про казкових персонажів, які опинилися в абсурдній ситуації, але через те, що все вигадано з солодощів, не викликає суму, а радше посмішку."
92,"Ласкава колискова, де кожен образ — від кошеня до лісовика — занурює в атмосферу спокою та чарівного сну. Місяць і зірки стежать за маленьким світом, що впадає у нічний спочинок."
91,"Чарівна колискова про Сонька-Дрімка, який приносить спокій і казки дітям, що готові засинати. Ласкаво закликає до сну, обіцяючи мирні сни і нові історії на ранок."
90,"Ласкава колискова, де мати співає для своєї дитини, обіцяючи ніжний вітерець і пташиний спів, що колисатиме маля. Зворушлива турбота про спокій і сон малюка."
89,"Ніжна колискова пісня, в якій мати заколисує свою дитину, бажаючи їй спокійної ночі, світлих снів і щасливого майбутнього, де вона виросте сильною та доброю."
88,"Мелодійна колискова, в якій мати співає своїй дитині, аби вона спокійно заснула і росла щасливою, не знаючи горя. Пісня сповнена ніжності та турботи."
87,"Ця ніжна колискова про турботу та любов до мами, яка втомилась, і спокійно засинає під ласкаву колискову. Мелодія наповнена теплом, адже завтра її чекає свято — день матері."
86,"Кіт, що не любить мишей, намагається знайти свій шлях у житті: від риболовлі до створення власних крил. Неочікувані пригоди та гумор ведуть його через численні виклики, поки він не знаходить рішення."
85,"Дівчинка з Африки в новому платті зустрічає різних тварин, які захоплюються її виглядом. Вона відповідає з гумором, підкреслюючи свою індивідуальність та стиль."
84,"Мурашка, що прагнула кращого життя, подорожує світом, здивована красою і величчю кожного нового місця. Але, врешті-решт, її прагнення стають фатальними."
83,"Лис, який не раз обдурював інших, намагається вижити в світі, де доводиться працювати, але його лінь та обман приводять до його падіння. І справедливість таки перемогла."
82,"Їжачок самотужки посадив буряк і доглядав його з усією старанністю. Коли настав час збору врожаю, вся їжачина родина разом витягнула величезний корнеплід, що став дивом для них."
81,"Кротик, який виріс, залишив свою домівку, щоб принести груші, але від сонячного світла осліпнув і більше не виходив з нори. Тепер він живе в темряві, залишаючи тільки шапку на поверхні."
80,"Зайцеві не вдалося вчасно звернутися до рака за допомогою, бо він забув про зиму в теплу пору. Тепер він без чобіток, а рак нагадує йому, що треба думати наперед, коли приходить холодна пора."
79,"Яка чудова і спокійна колискова! Вона наповнена теплом і затишком, створюючи атмосферу спокою і миру для малюка. Вірш так ніжно закликає до сну, додаючи відчуття безпеки та спокою."
78,"Колискова про затишний, спокійний вечір, коли сон і дрімота піклуються про малюка. Її слова так красиво втілюють спокій, який охоплює маля перед сном."
77,"Тиха ніч, коли сон огортає маленьку дитину, а мати прислухається до кожного її зітхання. Вогонь в серці малюка, спокій і надія на майбутнє переплітаються в ніжній колисковій пісні."
76,"Коли ніч огортає світ, ніжний спів лунає крізь тишу, даруючи малюку спокійний сон. Колискова переповнена любов’ю, спогадами та щирими материнськими почуттями."
75,"Ніжна колискова огортає малюка спокоєм, закликаючи котика не турбувати сон. Лагідні звуки воркотіння та дрімоти огортають дитя в обіймах тепла й затишку."
74,"Працьовитий майстер змайстрував вітряк, що приніс звірам радість і врожай. Зібравшись разом, вони мололи зерно, а веселий танок наповнив млин життям."
73,"Працьовитий батько прагне нагодувати дітей, але лінивий мірошник не поспішає молоти зерно. Кмітливість і дружба допоможуть подолати труднощі!"
72,"Князь запрошує дочок у гостину, і кожна приходить зі своїми синами, змінюючи світ навколо. Кожна пора приносить нові кольори, звуки й відчуття, а земля ніколи не засмучується."
71,"Заборонене кохання, що спалахує на тлі війни та невідомих небезпек. Події змушують героїв робити неймовірні вибори, що можуть змінити їхній світ. "
70,"Завзятому, але недалекому горобцю доведеться пройти через багато випробувань і розчарувань, перш ніж він зрозуміє справжнє значення розуму та праці."
69,"Брати вирушають до лісу за дровами. Двоє з них відмовляються допомогти незнайомцю, а третій, поділившись останнім що мав, отримує несподівану винагороду. Добре серце приносить більше, ніж розум."
68,"Вдова має дві доньки: одну гарну й роботящу, іншу — ліниву й неохайну. Падчірка отримує чудовий подарунок за свою доброту, а рідна донька, через свою лінь, отримує покарання."
67,"У річці вирувала буря — Щуку звинуватили в страшних злочинах, і її притягнули до суду, де рішенням суддів, серед яких Лисиця, її вирішили покарати. Та чи дійсно це покарання для Щуки?"
66,"Лис намагається хитрощами переконати Ворону спуститися з дерева, обіцяючи їй чудеса, але Ворона, розумна й обачна, не дається на його виверти, бачачи в його словах лише хитрощі."
65,"У лісі панує страх через дужого хижака, який безжально нищить всіх. Коли здається, що немає порятунку, хитрість і сміливість одного з мешканців змінюють хід подій."
64,"Лис Микита, хитрий і впертий, вирішив обдурити всіх, вдаючи себе за могутнього царя лісу. Але фарба, що приховувала його справжню суть, зрештою була викрита, і звірі позбавили його влади."
63,"Дід купує козу, але не може знайти способу правильно доглядати за нею. Коза виривається на волю і ховається в лісовій хатці, де зустрічає несподіваних помічників, готових допомогти."
62,"Мишенята і півник спільно працюють над приготуванням пирогів, але коли настає час поділитися плодами праці, мишенята відмовляються працювати, залишаючи всю роботу за півником."
61,"Мужик обдурює пана на кожному кроці, використовуючи хитрощі й обіцянки, і щоразу обманює його, змушуючи платити, поки пан не залишиться без грошей та коней."
60,"Молодий син багатого батька зневажав працю і гроші, поки не довелося йому самому заробляти. Через тяжку працю він зрозумів цінність червінця і став розумним хазяїном."
59,"Чабанець, якому байдуже було до усього, став несподіваним героєм, коли врятував царство від змія. Після того, як цар зневажливо віддав за нього дочку, чабанець довів свою силу й справедливість."
58,"Бідний брат отримує від багатого корову в борг, але коли він відмовляється її повернути, їх чекає складне випробування. Винахідливість і мудрість допоможуть вирішити всі проблеми та розгадати загадки."
57,"Три брати залишилися сиротами і вирушили на пошуки щастя. Зустрічаючи різні спокуси і багатство, кожен вибирає свій шлях. Лише один брат, який не забув правди, зрозумів справжню цінність."
56,"Страшний змій знищив усіх у слободі, залишивши лише діда. Але бідний хлопець, який вночі заночував у діда, переміг змія своєю силою та хитрістю, здобувши перемогу і спасіння для себе."
55,"Щороку мешканці села повинні платити змію данину, аж поки не настає черга дочки князя. Коли вона потрапляє в небезпеку, з'являється герой, готовий зіштовхнутися з монстром, щоб врятувати її."
54,"Бідні дід та баба спекли колобка, який вирушив у подорож. Зустрічаючи по шляху різних звірів, він намагається врятуватися, співаючи пісеньку. Але не все йому вдається..."
53,"Дід та баба знайшли поранену качечку, яка приносила їм їжу і турбувалась про їхній дім. Але їхня цікавість та втручання призвели до несподіваних наслідків, що змінили їхнє життя."
52,"Троє друзів — лебідь, рак і щука — вирішили вирушити в теплий край, але їхній план виявився не таким простим. Несподівані труднощі поставили їх у незручне становище, і наслідки не забарилися."
51,"Кіт старий, якого вивіз хазяїн у ліс, знайшов собі нову «жінку» — лисичку, і почав жити безтурботно. Та коли на обід запросили його, ситуація стала зовсім не такою безпечною, як здавалось!"
50,"Голодний вовк стикається з низкою непередбачуваних ситуацій, намагаючись задовольнити свій апетит. Кожен його крок наближає до нових несподіванок і розчарувань, але він не втрачає надії."
49,"Два давні друзі, вовк і пес, опиняються по різні боки війни через зраду і непорозуміння. Справжнє випробування для їхньої дружби — битва під дубом, що призводить до непередбачуваних наслідків."
48,"Лисичка та їжак, потрапивши до виноградника, намагаються обдурити небезпеку, але доля розпоряджається по-своєму. Чи зможуть вони витягнути один одного з біди? Дружба перевіряється на міцність!"
47,"Цап та баран вирушають у подорож, рятуючись від вовків. За допомогою хитрості та сміливості їм вдається уникнути небезпеки, обдуривши своїх переслідувачів."
46,"Кінь і віл змагалися, хто швидше бігає, але віл, сповнений впертості, потрапив у глибоку яму. Завдяки допомозі доброго чоловіка він вибрався, після чого вирішив, що більше не буде поспішати."
45,"У дрімучому лісі з’являється безжальний хижак, що сіє страх серед звірів. Вони шукають спосіб урятуватися, та лише хитрість може дати їм шанс на перемогу."
44,"Хитра лисиця майстерно обводить довірливого вовка навколо пальця, змушуючи його потрапляти у халепи. Її кмітливість допомагає здобувати їжу, залишаючи довірливого супутника ні з чим."
43,"У квітучому краю царівна Осінь чекала на коханого, та підступний чаклун зачарував її, змусивши забути про нареченого. Лише пізно вона збагнула обман, але виправити все було неможливо."
42,"Малі сірі пташки живуть безтурботно, аж доки не вирішують посадити власний сад. На них чекають труднощі, та допомога приходить звідти, звідки вони не чекали."
41,"У селищі, де осінь повільно прощається з теплом, батько з сином відвідують діда в саду, де чекає рясний врожай яблук. Спільно зібравши плоди, вони роздумують про дари землі та наближення зими."
40,"У кишені хлопчика з'являється дірка, через яку випадають цукерки. Солодкий дарунок потрапляє до різних мешканців лісу, а хлопець не журиться, бо його щедра кишеня поділилася з усіма."
39,"Ослик мріє навчитися літати, аби побачити світ з висоти. Він звертається до птахів за допомогою, але незважаючи на всі зусилля, усвідомлює, що рідна земля — найкраща."
38,"Лисиця, заздрить співу солов’я, вирішує привласнити його славу, обманюючи лісових мешканців. Але її обман призводить до несподіваного результату, коли вона потрапляє в пастку."
37,"Великий синій кит, намагаючись змінити природу, вирішує випити море, що призводить до переполоху серед морських мешканців і зміни кольору води. Та його вчинок закінчується розчаруванням."
36,"Лелека з родиною готується до відльоту, і діти з нетерпінням питають, чи далеко до осені. Лелеченята вперше злітають, і в гнізді стає порожньо, коли осінь наближається."
35,"Два друзі мріють дістатися до великої хмари, щоб побачити, де ховається літо. Вони намагаються досягти мети різними способами, але справжня цінність — у спільних митях та дружбі."
34,"Діти по черзі відвідують лісника, щоб дізнатися більше про бджолиний світ. Іванко вчиться розпізнавати роль кожної бджоли у вулику та разом з пасічником допомагає підготувати бджіл до зими."
33,"Березень і квітень намагаються знайти спосіб, як подолати перепони на шляху один до одного. Травень дає мудру пораду, як подолати труднощі, але це викликає ревнощі березня."
32,"Молоде дерево прагне вирости та розповсюдити свої віти, але заздрісні сестри та ворона пророкують їй неприємності. Проте з часом вона приносить радість і допомагає тим, хто шукає притулку."
31,"У лісовій хатині вугляра народжується хлопчик, чия доля тісно пов'язана з долею царської доньки. Незважаючи на всі зусилля царя, хлопчик з'являється знову, щоб стати її судженим."
30,"За 33 роки служби солдат отримує від царя 3 копійки. Щедро поділившись ними зі старцями, солдат отримує 3 чудодійні предмети, що допомагають йому здолати нечисть та навіть саму смерть."
29,"У королівстві Чорнокнижника хлопець із чарівною ліхтарнею проходить через неймовірні випробування, щоб здобути щастя та кохання, його доля дивовижно переплітається з долею царської доньки."
28,"Хитрий бідняк обдурює багатія, у якого працює майже задарма, використовуючи його ж корову. Проте, стара корова знову зводить їх разом, але Микола знову виходить сухим із води."
27,"Бідний Максим, завдяки чарівним зерняткам, які йому подарувала ластівка, розбагатів. Жадібний багатій, намагаючись повторити його успіх, зазнає невдачі та втрачає все своє майно."
26,"Слабка людина, після дивовижного зцілення, стає могутнім героєм. Відданий своєму народу, він перемагає ворогів, долаючи труднощі та зберігаючи силу духу."
25,"Бідний чоловік обдурює корчмарів, продаючи їм фальшиву палицю та розумний візок. Врешті він позбувається багатіїв, забираючи їхнє золото та допомагаючи нужденним."
24,"Бідний хлопець шукає кращу долю, і натрапляє на потужного вождя нечистих сил, який пропонує йому багатство. Три роки випробувань і важкі задачі чекають його, і тільки одна остання може все змінити."
23,"Царівна, яка відмовляється від усіх сватів, ставить умовою шлюбу вгадати з чого зроблені її рукавички. Один сміливець, переодягнувшись, розгадує загадку, і її чекає несподіване поворотне життя."
22,"Донька царя відмовляє усім претендентам, поки один не розгадає таємницю її рукавичок. Проте, під виглядом жебрака, він перевертає її життя, змушуючи визнати його як чоловіка і прийняти нове життя."
21,"Бідний дід знаходить чарівну липку, що виконує його бажання. Спершу вона дарує їм багатство, але жадібність баби не знає меж. Врешті-решт липка карає їх, повертаючи все, як було."
20,"Бідний хлопець доводить, що правда сильніша за кривду. Доля зводить його з нечистою силою, та знання отриманих таємниць допомагає йому розбагатіти й стати королем, тоді як заздрісний дядько гине."
19,"Вирощена з любов’ю ріпка виросла величезною, але витягнути її непросто. Один за одним приходять помічники, та зусиль усе ще бракує. Чи вдасться зрештою досягти мети?"
18,"Загублена у лісі рукавичка стала несподіваним прихистком для різних тварин. Вона дедалі наповнюється, аж поки не стається щось, що змушує всіх тікати."
17,"Старого пса виганяють з дому, та він знаходить несподіваного союзника. Разом вони вигадують хитрий план, що повертає довіру господаря, але має свої наслідки."
16,"Бідне подружжя вигадує хитрий спосіб здобути багатство, створивши незвичайного помічника. Він приваблює лісових мешканців, а разом із ними й несподівані дарунки, що змінюють життя діда та баби."
15,"Старі люди отримують несподіваного сина з деревинки. Хлопчик росте і починає рибалити, але його викрадає зла змія. Лише розум і допомога нових друзів допоможуть повернутись додому."
14,"Курчата разом з іншими тваринами вирушають у подорож, щоб знайти сонечко, яке три дні не з'являлося через хмару. Вони долають труднощі і врешті-решт розбуджують сонце, що приносить тепло і світло."
13,"Коза наказує дітям не відчиняти двері. Вовк намагається підробити її голос, але його кожного разу пізнають. Він звертається до лисиці за допомогою, але потрапляє на хитрість і втрачає шкуру."
12,"Дюймовочка — маленька дівчинка, яка виросла з квітки. Вона пережила багато пригод: втечу від жаби, зустріч з хрущами і спасіння пташки. Згодом вона знайшла принца, і вони стали щасливі разом."
11,"Їжак і заєць посперечались, хто швидший. Їжак хитрістю обдурив зайця, використовуючи свою жінку, щоб він думав, що їжак вже прийшов на фініш. В результаті заєць змучився, а їжак переміг."
10,"Павлусь мріє про чудеса і потрапляє в магічний світ квітів. Через цей світ автор показує контраст між красою природи та реальним життям, де панує хаос і матеріальні труднощі."
9,"Три метелики потрапляють під дощ і шукають захисту, але відмовляються від прихистку, якщо не можуть бути разом. Їхня відданість один одному приносить тепло й радість."
8,"Маруся все життя колисалася в колисці, поки свекруха не навчила її важливих справ. Вона зрозуміла, що великі досягнення складаються з маленьких зусиль і стала працьовитою."
7,"Вовк, голодний і розлючений, намагається з'їсти лиса, але той обманює його, пропонуючи хитрий план. Вовк потрапляє в пастку і, зрештою, сам стає жертвою лисового жарту."
6,"Бідний парубок отримує землю за службу і вирощує чудовий врожай, але його плоди краде лисиця. В обмін на свободу вона обіцяє висватати царівну, допомагаючи парубку здолати змія і стати героєм."
5,"Після років служби солдат вирушає до царя, щоб отримати його увагу. Отримавши стару кульбаку і документ, він виграє маєток графа. На царському балі солдат хитро обдурює царя, зберігаючи свої вигоди."
4,"Зять, пихатий і самовпевнений, навчився балакати ""по-німецькому"" і приїхав до тещі. Наймит, перекладаючи його слова, створив комічні непорозуміння, змушуючи зятя залишитися голодним і без подарунків."
3,"Лев, злісний від того, що його розбудила миша, вирішив її покарати, але потім пожалів. Коли він потрапив у сітку, миша врятувала його, показавши, що навіть найслабші можуть стати важливими союзниками."
2,"Чоловік і жінка, через балакучість якої, навіть скарб, знайдений Петром, стає відомим всьому селу. Петро вчить її на практиці, що ліпше тримати язик за зубами, аби уникнути неприємностей."
1,"Пан розповідає кучеру про свої мисливські здобутки, захоплюючись великими зайцями та їхнім салом. Проте кучер з сарказмом веде діалог, і міст, який мав бути на шляху, так і не з’являється."
0,"Журавель і лисиця разом ділитимуть обід, але кожен пригощає по-своєму: лисиця обманює журавля, а він відповідає їй тим самим. Згодом хитрість лисиці призводить до її біди."
214,"Бідний та ледачий чоловік, з якого всі сміються, вирішує покінчити з життям, але випадкова зустріч змінює його погляд. Тепер він вірить у свою силу і вирушає у нові пригоди, щоб довести свою гідність."
213,"У лісі два незвичайні супутники сперечаються про розум і щастя. Випадковий хлопець стає об'єктом їх експерименту, що змінює його життя. Створюючи дивовижні речі, він шукає справжнє щастя."
209,"Молодший син млинаря отримує кота, який за допомогою хитрощів та сміливих вчинків допомагає своєму господарю стати багатим і поважним, здобуваючи серце принцеси."
203,"У світі, де таємниці переплітаються з реальністю, герої стикаються з незвичайними викликами. Вони повинні розгадати загадки і знайти шлях до порятунку, перш ніж час мине."
202,"Козаки, повертаючись з посольства, перетворюють бідного пастушка на вродливого нареченого для багатої дочки. Коли обман розкривається, кохання перемагає, а козаки з усмішкою їдуть далі."
201,"Таємнича сила викрадає людей. Незнайомці об'єднуються, щоб її зупинити. Кожен з них має таємниці, які можуть зруйнувати довіру. Лише правда може врятувати їх, допомогти знайти шлях до свободи."
176,"Осінь настала, і маленька мишка повинна впасти в сплячку, але вона не може заснути. Ніякі поради та вправи не допомагали. Рахування овечок і навіть допомога друзів не принесли бажаного результату."
175,"Гарбузик вирішив не бути просто овочем на кухні і мріяв про різні професії. Він приміряє на себе різні професії, в пошуках того, що йому підійде найкраще."
158,"Марійк підросла і почала ходити в садок, де знайшла друга. Одного дня, коли осінь настала, до Марійка засмутилася та заплакала. Проте її новий друг зумів її розрадити."
129,"Юнак, розбещений багатством батька, не цінував грошей, доки не змушений був заробити сам. Після тяжкої праці він зрозумів їхню справжню ціну та став гідним спадкоємцем родинного господарства."
110,"Дівчинка мріє про казку. Вона вчить свою улюблену ляльку бути справжньою принцесою, розкриваючи секрети краси, охайності та добрих манер. Але найголовніше диво ще попереду."